{
  "modules": [
    {
      "name": "system",
      "chnname": "系统模块",
      "entities": [
        {
          "title": "system_image_related",
          "fields": [
            {
              "name": "id",
              "type": "Integer",
              "remark": "",
              "chnname": "id",
              "pk": true,
              "notNull": true,
              "autoIncrement": true
            },
            {
              "name": "created_at",
              "type": "DateTime",
              "remark": "",
              "chnname": "创建时间"
            },
            {
              "name": "updated_at",
              "type": "DateTime",
              "remark": "",
              "chnname": "更新时间"
            },
            {
              "name": "is_valid",
              "type": "YesNo",
              "remark": "",
              "chnname": "是否有效"
            },
            {
              "name": "img",
              "type": "MiddleString",
              "remark": "",
              "chnname": "图片地址",
              "notNull": true
            },
            {
              "name": "summary",
              "type": "DefaultString",
              "remark": "",
              "chnname": "图片说明"
            },
            {
              "name": "user_id",
              "type": "Integer",
              "remark": "",
              "chnname": "关联用户",
              "notNull": false
            },
            {
              "name": "content_type_id",
              "type": "Integer",
              "remark": "",
              "chnname": "关联模型",
              "notNull": true
            },
            {
              "name": "object_id",
              "type": "Integer",
              "remark": "",
              "chnname": "模型的ID",
              "notNull": true
            }
          ],
          "indexs": [],
          "headers": [
            {
              "fieldName": "chnname",
              "relationNoShow": false
            },
            {
              "fieldName": "name",
              "relationNoShow": false
            },
            {
              "fieldName": "type",
              "relationNoShow": false
            },
            {
              "fieldName": "dataType",
              "relationNoShow": true
            },
            {
              "fieldName": "remark",
              "relationNoShow": true
            },
            {
              "fieldName": "pk",
              "relationNoShow": false
            },
            {
              "fieldName": "notNull",
              "relationNoShow": true
            },
            {
              "fieldName": "autoIncrement",
              "relationNoShow": true
            },
            {
              "fieldName": "defaultValue",
              "relationNoShow": true
            },
            {
              "fieldName": "relationNoShow",
              "relationNoShow": true
            },
            {
              "fieldName": "uiHint",
              "relationNoShow": true
            }
          ],
          "chnname": "图片关联"
        },
        {
          "title": "system_slider",
          "fields": [
            {
              "name": "id",
              "type": "Integer",
              "remark": "",
              "chnname": "ID",
              "pk": true,
              "notNull": true
            },
            {
              "name": "name",
              "type": "Name",
              "remark": "",
              "chnname": "名称",
              "notNull": true
            },
            {
              "name": "desc",
              "type": "Intro",
              "remark": "",
              "chnname": "描述"
            },
            {
              "name": "types",
              "type": "Integer",
              "remark": "",
              "chnname": "展现的位置",
              "notNull": true
            },
            {
              "name": "img",
              "type": "MiddleString",
              "remark": "",
              "chnname": "图片地址",
              "notNull": true
            },
            {
              "name": "reorder",
              "type": "Integer",
              "remark": "",
              "chnname": "排序字段"
            },
            {
              "name": "start_time",
              "type": "DateTime",
              "remark": "",
              "chnname": "生效开始时间"
            },
            {
              "name": "end_time",
              "type": "DateTime",
              "remark": "",
              "chnname": "生效结束的时间"
            },
            {
              "name": "target_url",
              "type": "DefaultString",
              "remark": "",
              "chnname": "跳转的地址"
            },
            {
              "name": "is_valid",
              "type": "YesNo",
              "remark": "",
              "chnname": "删除字段",
              "defaultValue": "1"
            },
            {
              "name": "created_at",
              "type": "DateTime",
              "remark": "",
              "chnname": "创建时间"
            },
            {
              "name": "updated_at",
              "type": "DateTime",
              "remark": "",
              "chnname": "修改时间"
            }
          ],
          "indexs": [],
          "headers": [
            {
              "fieldName": "chnname",
              "relationNoShow": false
            },
            {
              "fieldName": "name",
              "relationNoShow": false
            },
            {
              "fieldName": "type",
              "relationNoShow": false
            },
            {
              "fieldName": "dataType",
              "relationNoShow": true
            },
            {
              "fieldName": "remark",
              "relationNoShow": true
            },
            {
              "fieldName": "pk",
              "relationNoShow": false
            },
            {
              "fieldName": "notNull",
              "relationNoShow": true
            },
            {
              "fieldName": "autoIncrement",
              "relationNoShow": true
            },
            {
              "fieldName": "defaultValue",
              "relationNoShow": true
            },
            {
              "fieldName": "relationNoShow",
              "relationNoShow": true
            },
            {
              "fieldName": "uiHint",
              "relationNoShow": true
            }
          ],
          "chnname": "轮播图"
        }
      ],
      "graphCanvas": {
        "nodes": [],
        "edges": []
      },
      "associations": []
    },
    {
      "name": "sight",
      "chnname": "景点模块",
      "entities": [
        {
          "title": "sight",
          "fields": [
            {
              "name": "id",
              "type": "Integer",
              "remark": "",
              "chnname": "ID",
              "pk": true,
              "notNull": true,
              "autoIncrement": true
            },
            {
              "name": "name",
              "type": "ShortString",
              "remark": "",
              "chnname": "名称",
              "notNull": true
            },
            {
              "name": "desc",
              "type": "ShortString",
              "remark": "",
              "chnname": "描述"
            },
            {
              "name": "main_img",
              "type": "MiddleString",
              "remark": "",
              "chnname": "主图",
              "notNull": true
            },
            {
              "name": "banner_img",
              "type": "MiddleString",
              "remark": "",
              "chnname": "详情主图",
              "notNull": true
            },
            {
              "name": "content",
              "type": "LongText",
              "remark": "",
              "chnname": "详细",
              "notNull": true
            },
            {
              "name": "score",
              "type": "Double",
              "remark": "",
              "chnname": "评分",
              "notNull": false,
              "defaultValue": "5"
            },
            {
              "name": "province",
              "type": "DefaultString",
              "remark": "",
              "chnname": "省份",
              "notNull": true
            },
            {
              "name": "city",
              "type": "DefaultString",
              "remark": "",
              "chnname": "市区",
              "notNull": true
            },
            {
              "name": "area",
              "type": "DefaultString",
              "remark": "",
              "chnname": "区/县"
            },
            {
              "name": "town",
              "type": "DefaultString",
              "remark": "",
              "chnname": "乡镇"
            },
            {
              "name": "min_price",
              "type": "Double",
              "remark": "",
              "chnname": "最低价格",
              "notNull": true
            },
            {
              "name": "is_top",
              "type": "YesNo",
              "remark": "",
              "chnname": "是否为精选"
            },
            {
              "name": "is_hot",
              "type": "YesNo",
              "remark": "",
              "chnname": "是否为热门"
            },
            {
              "name": "is_valid",
              "type": "YesNo",
              "remark": "",
              "chnname": "逻辑删除",
              "defaultValue": "1"
            },
            {
              "name": "created_at",
              "type": "DateTime",
              "remark": "",
              "chnname": "创建时间"
            },
            {
              "name": "updated_at",
              "type": "DateTime",
              "remark": "",
              "chnname": "修改时间"
            }
          ],
          "indexs": [],
          "headers": [
            {
              "fieldName": "chnname",
              "relationNoShow": false
            },
            {
              "fieldName": "name",
              "relationNoShow": false
            },
            {
              "fieldName": "type",
              "relationNoShow": false
            },
            {
              "fieldName": "dataType",
              "relationNoShow": true
            },
            {
              "fieldName": "remark",
              "relationNoShow": true
            },
            {
              "fieldName": "pk",
              "relationNoShow": false
            },
            {
              "fieldName": "notNull",
              "relationNoShow": true
            },
            {
              "fieldName": "autoIncrement",
              "relationNoShow": true
            },
            {
              "fieldName": "defaultValue",
              "relationNoShow": true
            },
            {
              "fieldName": "relationNoShow",
              "relationNoShow": true
            },
            {
              "fieldName": "uiHint",
              "relationNoShow": true
            }
          ],
          "chnname": "景点"
        },
        {
          "title": "sight_info",
          "fields": [
            {
              "name": "id",
              "type": "Integer",
              "remark": "",
              "chnname": "id",
              "pk": true,
              "notNull": true,
              "autoIncrement": true
            },
            {
              "name": "sight_id",
              "type": "Integer",
              "remark": "",
              "chnname": "关联景点",
              "notNull": true
            },
            {
              "name": "entry_explain",
              "type": "LongText",
              "remark": "",
              "chnname": "入园参考"
            },
            {
              "name": "play_way",
              "type": "LongText",
              "remark": "",
              "chnname": "特色玩法"
            },
            {
              "name": "traffic",
              "type": "LongText",
              "remark": "",
              "chnname": "交通到达"
            },
            {
              "name": "tips",
              "type": "LongText",
              "remark": "",
              "chnname": "温馨提示"
            }
          ],
          "indexs": [],
          "headers": [
            {
              "fieldName": "chnname",
              "relationNoShow": false
            },
            {
              "fieldName": "name",
              "relationNoShow": false
            },
            {
              "fieldName": "type",
              "relationNoShow": false
            },
            {
              "fieldName": "dataType",
              "relationNoShow": true
            },
            {
              "fieldName": "remark",
              "relationNoShow": true
            },
            {
              "fieldName": "pk",
              "relationNoShow": false
            },
            {
              "fieldName": "notNull",
              "relationNoShow": true
            },
            {
              "fieldName": "autoIncrement",
              "relationNoShow": true
            },
            {
              "fieldName": "defaultValue",
              "relationNoShow": true
            },
            {
              "fieldName": "relationNoShow",
              "relationNoShow": true
            },
            {
              "fieldName": "uiHint",
              "relationNoShow": true
            }
          ],
          "chnname": "景点详细信息"
        },
        {
          "title": "sight_comment",
          "fields": [
            {
              "name": "id",
              "type": "Integer",
              "remark": "",
              "chnname": "ID",
              "notNull": true,
              "autoIncrement": true,
              "pk": true
            },
            {
              "name": "user_id",
              "type": "Integer",
              "remark": "",
              "chnname": "关联用户",
              "notNull": true
            },
            {
              "name": "created_at",
              "type": "DateTime",
              "remark": "",
              "chnname": "创建时间"
            },
            {
              "name": "updated_at",
              "type": "DateTime",
              "remark": "",
              "chnname": "更新时间"
            },
            {
              "name": "is_valid",
              "type": "YesNo",
              "remark": "",
              "chnname": "是否有效"
            },
            {
              "name": "sight_id",
              "type": "Integer",
              "remark": "",
              "chnname": "关联景点",
              "notNull": true
            },
            {
              "name": "content",
              "type": "LongString",
              "remark": "",
              "chnname": "内容"
            },
            {
              "name": "is_top",
              "type": "YesNo",
              "remark": "",
              "chnname": "是否置顶",
              "notNull": true
            },
            {
              "name": "love_count",
              "type": "Integer",
              "remark": "",
              "chnname": "点赞的次数"
            },
            {
              "name": "score",
              "type": "Double",
              "remark": "",
              "chnname": "评分",
              "notNull": true
            },
            {
              "name": "ip_address",
              "type": "DefaultString",
              "remark": "",
              "chnname": "ip"
            },
            {
              "name": "is_public",
              "type": "YesNo",
              "remark": "",
              "chnname": "是否公开"
            },
            {
              "name": "reply_id",
              "type": "Integer",
              "remark": "",
              "chnname": "回复"
            }
          ],
          "indexs": [],
          "headers": [
            {
              "fieldName": "chnname",
              "relationNoShow": false
            },
            {
              "fieldName": "name",
              "relationNoShow": false
            },
            {
              "fieldName": "type",
              "relationNoShow": false
            },
            {
              "fieldName": "dataType",
              "relationNoShow": true
            },
            {
              "fieldName": "remark",
              "relationNoShow": true
            },
            {
              "fieldName": "pk",
              "relationNoShow": false
            },
            {
              "fieldName": "notNull",
              "relationNoShow": true
            },
            {
              "fieldName": "autoIncrement",
              "relationNoShow": true
            },
            {
              "fieldName": "defaultValue",
              "relationNoShow": true
            },
            {
              "fieldName": "relationNoShow",
              "relationNoShow": true
            },
            {
              "fieldName": "uiHint",
              "relationNoShow": true
            }
          ],
          "chnname": "景点评论"
        },
        {
          "title": "sight_ticket",
          "fields": [
            {
              "name": "id",
              "type": "Integer",
              "remark": "",
              "chnname": "ID",
              "pk": true,
              "notNull": true,
              "autoIncrement": true
            },
            {
              "name": "updated_at",
              "type": "DateTime",
              "remark": "",
              "chnname": "更新时间",
              "notNull": true
            },
            {
              "name": "sight_id",
              "type": "Integer",
              "remark": "",
              "chnname": "关联景点",
              "notNull": true
            },
            {
              "name": "created_at",
              "type": "DateTime",
              "remark": "",
              "chnname": "创建时间"
            },
            {
              "name": "name",
              "type": "IdOrKey",
              "remark": "",
              "chnname": "名称",
              "notNull": true
            },
            {
              "name": "is_valid",
              "type": "YesNo",
              "remark": "",
              "chnname": "是否有效"
            },
            {
              "name": "desc",
              "type": "LongText",
              "remark": "",
              "chnname": "描述"
            },
            {
              "name": "types",
              "type": "Integer",
              "remark": "",
              "chnname": "类型"
            },
            {
              "name": "price",
              "type": "Double",
              "remark": "",
              "chnname": "原价"
            },
            {
              "name": "discount",
              "type": "Double",
              "remark": "",
              "chnname": "折扣"
            },
            {
              "name": "total_stock",
              "type": "Integer",
              "remark": "",
              "chnname": "总库存"
            },
            {
              "name": "remain_stock",
              "type": "Integer",
              "remark": "",
              "chnname": "剩余的库存"
            },
            {
              "name": "expire_date",
              "type": "Integer",
              "remark": "",
              "chnname": "有效期"
            },
            {
              "name": "return_policy",
              "type": "ShortString",
              "remark": "",
              "chnname": "退改政策"
            },
            {
              "name": "has_invoice",
              "type": "YesNo",
              "remark": "",
              "chnname": "是否提供发票"
            },
            {
              "name": "enty_way",
              "type": "DefaultString",
              "remark": "",
              "chnname": "入园方式"
            },
            {
              "name": "tips",
              "type": "DefaultString",
              "remark": "",
              "chnname": "预订须知"
            },
            {
              "name": "ramark",
              "type": "DefaultString",
              "remark": "",
              "chnname": "其它说明"
            },
            {
              "name": "status",
              "type": "Integer",
              "remark": "",
              "chnname": "状态"
            }
          ],
          "indexs": [],
          "headers": [
            {
              "fieldName": "chnname",
              "relationNoShow": false
            },
            {
              "fieldName": "name",
              "relationNoShow": false
            },
            {
              "fieldName": "type",
              "relationNoShow": false
            },
            {
              "fieldName": "dataType",
              "relationNoShow": true
            },
            {
              "fieldName": "remark",
              "relationNoShow": true
            },
            {
              "fieldName": "pk",
              "relationNoShow": false
            },
            {
              "fieldName": "notNull",
              "relationNoShow": true
            },
            {
              "fieldName": "autoIncrement",
              "relationNoShow": true
            },
            {
              "fieldName": "defaultValue",
              "relationNoShow": true
            },
            {
              "fieldName": "relationNoShow",
              "relationNoShow": true
            },
            {
              "fieldName": "uiHint",
              "relationNoShow": true
            }
          ],
          "chnname": "门票"
        }
      ],
      "graphCanvas": {
        "nodes": [
          {
            "shape": "table",
            "title": "sight",
            "moduleName": false,
            "x": 377.39581298828125,
            "y": 203.3333282470703,
            "id": "b6d425e2"
          },
          {
            "shape": "table",
            "title": "sight_info",
            "moduleName": false,
            "x": 750.3958129882812,
            "y": 77.33332824707031,
            "id": "eb2e18a2"
          },
          {
            "shape": "table",
            "title": "sight_ticket",
            "moduleName": false,
            "x": 190,
            "y": 640,
            "id": "331a40de"
          },
          {
            "shape": "table",
            "title": "system_image_related",
            "moduleName": "system",
            "x": 1066.327153242345,
            "y": 450.974595773522,
            "id": "a6ec7db3"
          },
          {
            "shape": "table",
            "title": "accounts_user",
            "moduleName": "accounts",
            "x": 1160.3611458524483,
            "y": 804.0258711659129,
            "id": "50ce4696"
          },
          {
            "shape": "table",
            "title": "sight_comment",
            "moduleName": false,
            "x": 640,
            "y": 670,
            "id": "320450d9"
          }
        ],
        "edges": [
          {
            "shape": "erdRelation",
            "relation": "0,n:1",
            "source": "eb2e18a2",
            "target": "b6d425e2",
            "id": "9d85bf5d",
            "controlPoints": [
              {
                "x": 618.6106567382812,
                "y": 39.58332824707031
              },
              {
                "x": 507.84503173828125,
                "y": 55.43467959842167
              }
            ],
            "sourceAnchor": 0,
            "targetAnchor": 1
          },
          {
            "shape": "erdRelation",
            "relation": "0,n:1",
            "source": "a6ec7db3",
            "target": "b6d425e2",
            "id": "a932f690",
            "controlPoints": [
              {
                "x": 927.671879804845,
                "y": 543.9150719639981
              },
              {
                "x": 507.84503173828125,
                "y": 55.43467959842167
              }
            ],
            "sourceAnchor": 16,
            "targetAnchor": 1
          },
          {
            "shape": "erdRelation",
            "relation": "0,n:1",
            "source": "a6ec7db3",
            "target": "320450d9",
            "id": "da68abe1",
            "controlPoints": [
              {
                "x": 927.671879804845,
                "y": 543.9150719639981
              },
              {
                "x": 768.791015625,
                "y": 562.1293103448276
              }
            ],
            "sourceAnchor": 16,
            "targetAnchor": 1
          },
          {
            "shape": "erdRelation",
            "relation": "0,n:1",
            "source": "331a40de",
            "target": "b6d425e2",
            "id": "864e71d1",
            "controlPoints": [
              {
                "x": 49.5576171875,
                "y": 512.189024390244
              },
              {
                "x": 246.94659423828125,
                "y": 55.43467959842167
              }
            ],
            "sourceAnchor": 4,
            "targetAnchor": 0
          }
        ]
      },
      "associations": [
        {
          "relation": "0,n:1",
          "from": {
            "entity": "sight_info",
            "field": "id"
          },
          "to": {
            "entity": "sight",
            "field": "id"
          }
        },
        {
          "relation": "0,n:1",
          "from": {
            "entity": "sight_ticket",
            "field": "sight_id"
          },
          "to": {
            "entity": "sight",
            "field": "id"
          }
        }
      ]
    },
    {
      "name": "accounts",
      "chnname": "用户账户",
      "entities": [
        {
          "title": "accounts_user",
          "fields": [
            {
              "name": "id",
              "type": "Integer",
              "remark": "",
              "chnname": "ID",
              "pk": true,
              "notNull": true,
              "autoIncrement": true
            },
            {
              "name": "username",
              "type": "ShortString",
              "remark": "",
              "chnname": "用户名",
              "notNull": true
            },
            {
              "name": "password",
              "type": "MiddleString",
              "remark": "",
              "chnname": "密码",
              "notNull": true
            },
            {
              "name": "nickname",
              "type": "DefaultString",
              "remark": "",
              "chnname": "用户昵称",
              "notNull": true
            },
            {
              "name": "avatar",
              "type": "ShortString",
              "remark": "",
              "chnname": "用户头像"
            },
            {
              "name": "updated_at",
              "type": "DateTime",
              "remark": "",
              "chnname": "更新时间"
            },
            {
              "name": "created_at",
              "type": "DateTime",
              "remark": "",
              "chnname": "创建时间"
            },
            {
              "name": "is_valid",
              "type": "YesNo",
              "remark": "",
              "chnname": "是否有效"
            }
          ],
          "indexs": [],
          "headers": [
            {
              "fieldName": "chnname",
              "relationNoShow": false
            },
            {
              "fieldName": "name",
              "relationNoShow": false
            },
            {
              "fieldName": "type",
              "relationNoShow": false
            },
            {
              "fieldName": "dataType",
              "relationNoShow": true
            },
            {
              "fieldName": "remark",
              "relationNoShow": true
            },
            {
              "fieldName": "pk",
              "relationNoShow": false
            },
            {
              "fieldName": "notNull",
              "relationNoShow": true
            },
            {
              "fieldName": "autoIncrement",
              "relationNoShow": true
            },
            {
              "fieldName": "defaultValue",
              "relationNoShow": true
            },
            {
              "fieldName": "relationNoShow",
              "relationNoShow": true
            },
            {
              "fieldName": "uiHint",
              "relationNoShow": true
            }
          ],
          "chnname": "用户基本信息"
        }
      ],
      "graphCanvas": {
        "edges": [],
        "nodes": []
      },
      "associations": []
    },
    {
      "name": "order",
      "chnname": "订单及支付",
      "entities": [
        {
          "title": "order",
          "fields": [
            {
              "name": "sn",
              "type": "ShortString",
              "remark": "",
              "chnname": "订单编号",
              "notNull": true
            },
            {
              "name": "ID",
              "type": "Integer",
              "remark": "",
              "chnname": "ID",
              "pk": true,
              "notNull": true,
              "autoIncrement": true
            },
            {
              "name": "user_id",
              "type": "Integer",
              "remark": "",
              "chnname": "购买的用户",
              "notNull": true
            },
            {
              "name": "created_at",
              "type": "DateTime",
              "remark": "",
              "chnname": "创建时间"
            },
            {
              "name": "updated_at",
              "type": "DateTime",
              "remark": "",
              "chnname": "更新时间"
            },
            {
              "name": "buy_count",
              "type": "Integer",
              "remark": "",
              "chnname": "购买数量",
              "defaultValue": "1"
            },
            {
              "name": "buy_amount",
              "type": "Double",
              "remark": "",
              "chnname": "总价",
              "notNull": true
            },
            {
              "name": "to_user",
              "type": "DefaultString",
              "remark": "",
              "chnname": "收货人",
              "notNull": true
            },
            {
              "name": "to_area",
              "type": "DefaultString",
              "remark": "",
              "chnname": "省市区"
            },
            {
              "name": "to_address",
              "type": "DefaultString",
              "remark": "",
              "chnname": "详细地址"
            },
            {
              "name": "to_phone",
              "type": "DefaultString",
              "remark": "",
              "chnname": "手机号码",
              "notNull": true
            },
            {
              "name": "remark",
              "type": "DefaultString",
              "remark": "",
              "chnname": "备注信息"
            },
            {
              "name": "express_type",
              "type": "DefaultString",
              "remark": "",
              "chnname": "快递"
            },
            {
              "name": "express_no",
              "type": "DefaultString",
              "remark": "",
              "chnname": "单号"
            },
            {
              "name": "types",
              "type": "Integer",
              "remark": "",
              "chnname": "订单类型",
              "notNull": true
            },
            {
              "name": "status",
              "type": "Integer",
              "remark": "",
              "chnname": "订单状态",
              "notNull": true
            },
            {
              "name": "is_valid",
              "type": "YesNo",
              "remark": "",
              "chnname": "删除字段",
              "notNull": true,
              "defaultValue": "1"
            }
          ],
          "indexs": [],
          "headers": [
            {
              "fieldName": "chnname",
              "relationNoShow": false
            },
            {
              "fieldName": "name",
              "relationNoShow": false
            },
            {
              "fieldName": "type",
              "relationNoShow": false
            },
            {
              "fieldName": "dataType",
              "relationNoShow": true
            },
            {
              "fieldName": "remark",
              "relationNoShow": true
            },
            {
              "fieldName": "pk",
              "relationNoShow": false
            },
            {
              "fieldName": "notNull",
              "relationNoShow": true
            },
            {
              "fieldName": "autoIncrement",
              "relationNoShow": true
            },
            {
              "fieldName": "defaultValue",
              "relationNoShow": true
            },
            {
              "fieldName": "relationNoShow",
              "relationNoShow": true
            },
            {
              "fieldName": "uiHint",
              "relationNoShow": true
            }
          ],
          "chnname": "订单表"
        },
        {
          "title": "order_item",
          "fields": [
            {
              "name": "id",
              "type": "Integer",
              "remark": "",
              "chnname": "ID",
              "pk": true,
              "notNull": true,
              "autoIncrement": true
            },
            {
              "name": "user_id",
              "type": "Integer",
              "remark": "",
              "chnname": "关联用户",
              "notNull": true
            },
            {
              "name": "order_id",
              "type": "Integer",
              "remark": "",
              "chnname": "关联订单",
              "notNull": true
            },
            {
              "name": "created_at",
              "type": "DateTime",
              "remark": "",
              "chnname": "创建时间"
            },
            {
              "name": "updated_at",
              "type": "DateTime",
              "remark": "",
              "chnname": "更新时间"
            },
            {
              "name": "is_valid",
              "type": "YesNo",
              "remark": "",
              "chnname": "是否删除",
              "defaultValue": "1"
            },
            {
              "name": "status",
              "type": "Integer",
              "remark": "",
              "chnname": "状态"
            },
            {
              "name": "flash_name",
              "type": "DefaultString",
              "remark": "",
              "chnname": "商品的名称",
              "notNull": true
            },
            {
              "name": "flash_img",
              "type": "LongKey",
              "remark": "",
              "chnname": "商品的主图",
              "notNull": true
            },
            {
              "name": "flash_origin_price",
              "type": "Double",
              "remark": "",
              "chnname": "原价",
              "notNull": true
            },
            {
              "name": "flash_price",
              "type": "Double",
              "remark": "",
              "chnname": "销售价",
              "notNull": true
            },
            {
              "name": "flash_discount",
              "type": "Double",
              "remark": "",
              "chnname": "折扣",
              "notNull": true
            },
            {
              "name": "count",
              "type": "Integer",
              "remark": "",
              "chnname": "购买的数量",
              "notNull": true
            },
            {
              "name": "amount",
              "type": "Money",
              "remark": "",
              "chnname": "总额",
              "notNull": true
            },
            {
              "name": "remark",
              "type": "DefaultString",
              "remark": "",
              "chnname": "备注信息"
            },
            {
              "name": "object_id",
              "type": "Integer",
              "remark": "",
              "chnname": "复合关联字段",
              "notNull": true
            },
            {
              "name": "content_type_id",
              "type": "Integer",
              "remark": "",
              "chnname": "复合关联字段",
              "notNull": true
            }
          ],
          "indexs": [],
          "headers": [
            {
              "fieldName": "chnname",
              "relationNoShow": false
            },
            {
              "fieldName": "name",
              "relationNoShow": false
            },
            {
              "fieldName": "type",
              "relationNoShow": false
            },
            {
              "fieldName": "dataType",
              "relationNoShow": true
            },
            {
              "fieldName": "remark",
              "relationNoShow": true
            },
            {
              "fieldName": "pk",
              "relationNoShow": false
            },
            {
              "fieldName": "notNull",
              "relationNoShow": true
            },
            {
              "fieldName": "autoIncrement",
              "relationNoShow": true
            },
            {
              "fieldName": "defaultValue",
              "relationNoShow": true
            },
            {
              "fieldName": "relationNoShow",
              "relationNoShow": true
            },
            {
              "fieldName": "uiHint",
              "relationNoShow": true
            }
          ],
          "chnname": "订单明细表"
        },
        {
          "title": "order_payment",
          "fields": [
            {
              "name": "id",
              "type": "Integer",
              "remark": "",
              "chnname": "ID",
              "pk": true,
              "notNull": true,
              "autoIncrement": true
            },
            {
              "name": "user_id",
              "type": "Integer",
              "remark": "",
              "chnname": "关联用户"
            },
            {
              "name": "order_id",
              "type": "Integer",
              "remark": "",
              "chnname": "关联订单"
            },
            {
              "name": "created_at",
              "type": "DateTime",
              "remark": "",
              "chnname": "创建时间"
            },
            {
              "name": "updated_at",
              "type": "DateTime",
              "remark": "",
              "chnname": "更新时间"
            },
            {
              "name": "status",
              "type": "Money",
              "remark": "",
              "chnname": "支付状态"
            },
            {
              "name": "sn",
              "type": "DefaultString",
              "remark": "",
              "chnname": "流水号"
            },
            {
              "name": "amount",
              "type": "Money",
              "remark": "",
              "chnname": "金额"
            },
            {
              "name": "third_sn",
              "type": "DefaultString",
              "remark": "",
              "chnname": "第三方单号"
            }
          ],
          "indexs": [],
          "headers": [
            {
              "fieldName": "chnname",
              "relationNoShow": false
            },
            {
              "fieldName": "name",
              "relationNoShow": false
            },
            {
              "fieldName": "type",
              "relationNoShow": false
            },
            {
              "fieldName": "dataType",
              "relationNoShow": true
            },
            {
              "fieldName": "remark",
              "relationNoShow": true
            },
            {
              "fieldName": "pk",
              "relationNoShow": false
            },
            {
              "fieldName": "notNull",
              "relationNoShow": true
            },
            {
              "fieldName": "autoIncrement",
              "relationNoShow": true
            },
            {
              "fieldName": "defaultValue",
              "relationNoShow": true
            },
            {
              "fieldName": "relationNoShow",
              "relationNoShow": true
            },
            {
              "fieldName": "uiHint",
              "relationNoShow": true
            }
          ],
          "chnname": "支付凭证"
        }
      ],
      "graphCanvas": {
        "nodes": [
          {
            "shape": "table",
            "title": "order",
            "moduleName": false,
            "x": 246.03125,
            "y": 138.3333282470703,
            "id": "b5e0a68f"
          },
          {
            "shape": "table",
            "title": "order_item",
            "moduleName": false,
            "x": 840,
            "y": 170,
            "id": "2c6f519f"
          },
          {
            "shape": "table",
            "title": "order_payment",
            "moduleName": false,
            "x": 590,
            "y": 490,
            "id": "de6e59be"
          }
        ],
        "edges": [
          {
            "shape": "erdRelation",
            "relation": "0,n:1",
            "source": "2c6f519f",
            "target": "b5e0a68f",
            "id": "a23df98b",
            "controlPoints": [
              {
                "x": 686.212890625,
                "y": 62.20945945945945
              },
              {
                "x": 380.4794921875,
                "y": 10.488733652475716
              }
            ],
            "sourceAnchor": 4,
            "targetAnchor": 3
          },
          {
            "shape": "erdRelation",
            "relation": "0,n:1",
            "source": "de6e59be",
            "target": "b5e0a68f",
            "id": "68b21d7f",
            "controlPoints": [
              {
                "x": 461.208984375,
                "y": 462.3690476190476
              },
              {
                "x": 380.4794921875,
                "y": 10.488733652475716
              }
            ],
            "sourceAnchor": 4,
            "targetAnchor": 3
          }
        ]
      },
      "associations": [
        {
          "relation": "0,n:1",
          "from": {
            "entity": "order_item",
            "field": "order_id"
          },
          "to": {
            "entity": "order",
            "field": "ID"
          }
        },
        {
          "relation": "0,n:1",
          "from": {
            "entity": "order_payment",
            "field": "order_id"
          },
          "to": {
            "entity": "order",
            "field": "ID"
          }
        }
      ]
    }
  ],
  "dataTypeDomains": {
    "datatype": [
      {
        "name": "默认字串",
        "code": "DefaultString",
        "apply": {
          "JAVA": {
            "type": "String"
          },
          "MYSQL": {
            "type": "VARCHAR(32)"
          },
          "ORACLE": {
            "type": "NVARCHAR2(32)"
          },
          "SQLServer": {
            "type": "NVARCHAR(32)"
          },
          "PostgreSQL": {
            "type": "VARCHAR(32)"
          }
        }
      },
      {
        "name": "标识号",
        "code": "IdOrKey",
        "apply": {
          "JAVA": {
            "type": "String"
          },
          "ORACLE": {
            "type": "VARCHAR2(32)"
          },
          "MYSQL": {
            "type": "VARCHAR(32)"
          },
          "SQLServer": {
            "type": "VARCHAR(32)"
          },
          "PostgreSQL": {
            "type": "VARCHAR(32)"
          }
        }
      },
      {
        "name": "标识号-长",
        "code": "LongKey",
        "apply": {
          "MYSQL": {
            "type": "VARCHAR(64)"
          },
          "ORACLE": {
            "type": "VARCHAR2(64)"
          },
          "JAVA": {
            "type": "String"
          },
          "SQLServer": {
            "type": "VARCHAR(64)"
          },
          "PostgreSQL": {
            "type": "VARCHAR(64)"
          }
        }
      },
      {
        "name": "名称",
        "code": "Name",
        "apply": {
          "JAVA": {
            "type": "String"
          },
          "MYSQL": {
            "type": "VARCHAR(128)"
          },
          "ORACLE": {
            "type": "NVARCHAR2(128)"
          },
          "SQLServer": {
            "type": "NVARCHAR(128)"
          },
          "PostgreSQL": {
            "type": "VARCHAR(128)"
          }
        }
      },
      {
        "name": "备注说明",
        "code": "Intro",
        "apply": {
          "JAVA": {
            "type": "String"
          },
          "MYSQL": {
            "type": "VARCHAR(512)"
          },
          "ORACLE": {
            "type": "NVARCHAR2(512)"
          },
          "SQLServer": {
            "type": "NVARCHAR(512)"
          },
          "PostgreSQL": {
            "type": "VARCHAR(512)"
          }
        }
      },
      {
        "name": "字串-短",
        "code": "ShortString",
        "apply": {
          "JAVA": {
            "type": "String"
          },
          "MYSQL": {
            "type": "VARCHAR(128)"
          },
          "ORACLE": {
            "type": "NVARCHAR2(128)"
          },
          "SQLServer": {
            "type": "NVARCHAR(128)"
          },
          "PostgreSQL": {
            "type": "VARCHAR(128)"
          }
        }
      },
      {
        "name": "字串-中",
        "code": "MiddleString",
        "apply": {
          "JAVA": {
            "type": "String"
          },
          "MYSQL": {
            "type": "VARCHAR(1024)"
          },
          "ORACLE": {
            "type": "NVARCHAR2(1024)"
          },
          "SQLServer": {
            "type": "NVARCHAR(1024)"
          },
          "PostgreSQL": {
            "type": "VARCHAR(1024)"
          }
        }
      },
      {
        "name": "字串-长",
        "code": "LongString",
        "apply": {
          "JAVA": {
            "type": "String"
          },
          "ORACLE": {
            "type": "NVARCHAR2(3072)"
          },
          "MYSQL": {
            "type": "VARCHAR(3072)"
          },
          "SQLServer": {
            "type": "NVARCHAR(3072)"
          },
          "PostgreSQL": {
            "type": "VARCHAR(3072)"
          }
        }
      },
      {
        "name": "大文本",
        "code": "LongText",
        "apply": {
          "JAVA": {
            "type": "String"
          },
          "MYSQL": {
            "type": "TEXT"
          },
          "ORACLE": {
            "type": "CLOB"
          },
          "SQLServer": {
            "type": "NTEXT"
          },
          "PostgreSQL": {
            "type": "TEXT"
          }
        }
      },
      {
        "name": "小数",
        "code": "Double",
        "apply": {
          "JAVA": {
            "type": "Double"
          },
          "MYSQL": {
            "type": "DECIMAL(32,10)"
          },
          "ORACLE": {
            "type": "NUMBER(32,10)"
          },
          "SQLServer": {
            "type": "DECIMAL(32,10)"
          },
          "PostgreSQL": {
            "type": "DECIMAL(32,10)"
          }
        }
      },
      {
        "name": "比例",
        "code": "Ratio",
        "apply": {
          "MYSQL": {
            "type": "DECIMAL(4,2)"
          },
          "JAVA": {
            "type": "Double"
          },
          "ORACLE": {
            "type": "NUMBER(4,2)"
          },
          "SQLServer": {
            "type": "DECIMAL(4,2)"
          },
          "PostgreSQL": {
            "type": "DECIMAL(4,2)"
          }
        }
      },
      {
        "name": "整数",
        "code": "Integer",
        "apply": {
          "JAVA": {
            "type": "Integer"
          },
          "MYSQL": {
            "type": "INT"
          },
          "ORACLE": {
            "type": "INT"
          },
          "SQLServer": {
            "type": "INT"
          },
          "PostgreSQL": {
            "type": "INT"
          }
        }
      },
      {
        "name": "大整数",
        "code": "BigInt",
        "apply": {
          "MYSQL": {
            "type": "BIGINT"
          },
          "JAVA": {
            "type": "Long"
          },
          "ORACLE": {
            "type": "NUMBER"
          },
          "SQLServer": {
            "type": "BIGINT"
          },
          "PostgreSQL": {
            "type": "BIGINT"
          }
        }
      },
      {
        "name": "金额",
        "code": "Money",
        "apply": {
          "JAVA": {
            "type": "Double"
          },
          "MYSQL": {
            "type": "DECIMAL(32,8)"
          },
          "ORACLE": {
            "type": "NUMBER(32,8)"
          },
          "SQLServer": {
            "type": "DECIMAL(32,8)"
          },
          "PostgreSQL": {
            "type": "DECIMAL(32,8)"
          }
        }
      },
      {
        "name": "是否",
        "code": "YesNo",
        "apply": {
          "JAVA": {
            "type": "String"
          },
          "MYSQL": {
            "type": "VARCHAR(1)"
          },
          "ORACLE": {
            "type": "VARCHAR2(1)"
          },
          "SQLServer": {
            "type": "VARCHAR(1)"
          },
          "PostgreSQL": {
            "type": "VARCHAR(1)"
          }
        }
      },
      {
        "name": "数据字典",
        "code": "Dict",
        "apply": {
          "JAVA": {
            "type": "String"
          },
          "MYSQL": {
            "type": "VARCHAR(32)"
          },
          "ORACLE": {
            "type": "VARCHAR2(32)"
          },
          "SQLServer": {
            "type": "VARCHAR(32)"
          },
          "PostgreSQL": {
            "type": "VARCHAR(32)"
          }
        }
      },
      {
        "name": "日期",
        "code": "Date",
        "apply": {
          "JAVA": {
            "type": "Date"
          },
          "MYSQL": {
            "type": "DATE"
          },
          "ORACLE": {
            "type": "DATE"
          },
          "SQLServer": {
            "type": "DATE"
          },
          "PostgreSQL": {
            "type": "DATE"
          }
        }
      },
      {
        "name": "日期时间",
        "code": "DateTime",
        "apply": {
          "JAVA": {
            "type": "Date"
          },
          "MYSQL": {
            "type": "DATETIME"
          },
          "ORACLE": {
            "type": "DATE"
          },
          "SQLServer": {
            "type": "DATE"
          },
          "PostgreSQL": {
            "type": "DATE"
          }
        }
      },
      {
        "name": "单字符",
        "code": "Char",
        "apply": {
          "MYSQL": {
            "type": "CHAR(1)"
          },
          "ORACLE": {
            "type": "CHAR(1)"
          },
          "JAVA": {
            "type": "String"
          },
          "SQLServer": {
            "type": "CHAR(1)"
          },
          "PostgreSQL": {
            "type": "CHAR(1)"
          }
        }
      }
    ],
    "database": [
      {
        "code": "MYSQL",
        "template": "DROP TABLE {{=it.entity.title}};\n$blankline\nCREATE TABLE {{=it.entity.title}}(\n{{ pkList = [] ; }}\n{{~it.entity.fields:field:index}}\n    {{? field.pk }}{{ pkList.push(field.name) }}{{?}}\n    {{=field.name}} {{=field.type}} {{= field.pk ? 'NOT NULL' : '' }} COMMENT '{{=it.func.join(field.chnname,field.remark,';')}}' {{= index < it.entity.fields.length-1 ? ',' : ( pkList.length>0 ? ',' :'' ) }}\n{{~}}\n{{? pkList.length >0 }}\n    PRIMARY KEY ({{~pkList:pkName:i}}{{= pkName }}{{= i<pkList.length-1 ? ',' : '' }}{{~}})\n{{?}}\n) COMMENT = '{{=it.func.join(it.entity.chnname,it.entity.remark,';') }}'",
        "fileShow": true,
        "defaultDatabase": true,
        "createTableTemplate": "CREATE TABLE {{=it.entity.title}}(\n{{ pkList = [] ; }}\n{{~it.entity.fields:field:index}}\n    {{? field.pk }}{{ pkList.push(field.name) }}{{?}}\n    {{=field.name}} {{=field.type}} {{= field.notNull ? 'NOT NULL' : '' }} {{= field.autoIncrement ? 'AUTO_INCREMENT' : '' }} {{= field.defaultValue ? it.func.join('DEFAULT',field.defaultValue,' ') : '' }} COMMENT '{{=it.func.join(field.chnname,field.remark,' ')}}' {{= index < it.entity.fields.length-1 ? ',' : ( pkList.length>0 ? ',' :'' ) }}\n{{~}}\n{{? pkList.length >0 }}\n    PRIMARY KEY ({{~pkList:pkName:i}}{{= pkName }}{{= i<pkList.length-1 ? ',' : '' }}{{~}})\n{{?}}\n) COMMENT = '{{=it.func.join(it.entity.chnname,it.entity.remark,' ') }}';{{=it.separator}}\n$blankline\n",
        "deleteTableTemplate": "DROP TABLE {{=it.entity.title}};{{=it.separator}}/*SkipError*/",
        "rebuildTableTemplate": "create table PDMAN_UP_{{=it.oldEntity.title}}\nas select * from {{=it.oldEntity.title}};{{=it.separator}}\n$blankline\n\ndrop table {{=it.oldEntity.title}};{{=it.separator}}\n$blankline\n\nCREATE TABLE {{=it.newEntity.title}}(\n{{ pkList = [] ; }}\n{{~it.newEntity.fields:field:index}}\n    {{? field.pk }}{{ pkList.push(field.name) }}{{?}}\n    {{=field.name}} {{=field.type}} {{= field.notNull ? 'NOT NULL' : '' }} COMMENT '{{=it.func.join(field.chnname,field.remark,';')}}' {{= index < it.newEntity.fields.length-1 ? ',' : ( pkList.length>0 ? ',' :'' ) }}\n{{~}}\n{{? pkList.length >0 }}\n    PRIMARY KEY ({{~pkList:pkName:i}}{{= pkName }}{{= i<pkList.length-1 ? ',' : '' }}{{~}})\n{{?}}\n) COMMENT = '{{=it.func.join(it.newEntity.chnname,it.newEntity.remark,';') }}';{{=it.separator}}\n$blankline\n\n{{ sameCols = it.func.intersect(it.newEntity.fields,it.oldEntity.fields) ;}}\ninsert into {{=it.newEntity.title}}(\n{{~sameCols:field:index}}\n    {{=field.name}}{{? index<sameCols.length-1}},{{?}}\n{{~}}\n) \nselect \n{{~sameCols:field:index}}\n    {{=field.name}}{{? index<sameCols.length-1}},{{?}}\n{{~}}\nfrom PDMAN_UP_{{=it.oldEntity.title}};{{=it.separator}}\n$blankline\n\ndrop table PDMAN_UP_{{=it.oldEntity.title}};{{=it.separator}}\n$blankline\n{{~it.newEntity.indexs:index}}\nALTER TABLE {{=it.newEntity.title}} ADD {{? index.isUnique}}UNIQUE{{??}}INDEX{{?}} {{=index.name}}({{=it.func.join(...index.fields,',')}});{{=it.separator}}\n{{~}}",
        "createFieldTemplate": "ALTER TABLE {{=it.entity.title}} ADD COLUMN {{=it.field.name}} {{=it.field.type}} {{? it.field.notNull}}NOT NULL{{?}} {{? it.field.defaultValue}}DEFAULT {{? null==it.field.defaultValue}}NULL{{??}}'{{=it.field.defaultValue}}'{{?}}{{?}} {{? it.field.autoIncrement}}AUTO_INCREMENT{{?}} {{? it.field.pk}}PRIMARY KEY{{?}} {{? it.field.chnname}}COMMENT '{{=it.field.chnname}}'{{?}} {{? it.field.addAfter}}AFTER {{=it.field.addAfter}}{{?}};{{=it.separator}}",
        "updateFieldTemplate": "ALTER TABLE {{=it.entity.title}} MODIFY COLUMN {{=it.field.name}} {{=it.field.type}} {{? it.field.notNull}}NOT NULL{{?}} {{? it.field.defaultValue}}DEFAULT {{? null==it.field.defaultValue}}NULL{{??}}'{{=it.field.defaultValue}}'{{?}}{{?}} {{? it.field.autoIncrement}}AUTO_INCREMENT{{?}} {{? it.field.chnname}}COMMENT '{{=it.field.chnname}}'{{?}};{{=it.separator}}",
        "deleteFieldTemplate": "ALTER TABLE {{=it.entity.title}} DROP {{=it.field.name}};{{=it.separator}}",
        "deleteIndexTemplate": "ALTER TABLE {{=it.entity.title}} DROP INDEX {{=it.index.name}};{{=it.separator}}",
        "createIndexTemplate": "ALTER TABLE {{=it.entity.title}} ADD {{? it.index.isUnique}}UNIQUE{{??}}INDEX{{?}} {{=it.index.name}}({{=it.func.join(...it.index.fields,',')}});{{=it.separator}}",
        "updateTableComment": "ALTER TABLE {{=it.entity.title}} COMMENT '{{=it.entity.chnname}}';{{=it.separator}}"
      },
      {
        "code": "ORACLE",
        "template": "DROP TABLE {{=it.entity.title}};{{=it.separator}}\n$blankline\nCREATE TABLE {{=it.entity.title}}(\n{{ pkList = [] ; }}\n{{~it.entity.fields:field:index}}\n    {{? field.pk }}{{ pkList.push(field.name) }}{{?}}\n    {{=field.name}} {{=field.type}}  {{= field.pk ? 'NOT NULL' : '' }} {{= index < it.entity.fields.length-1 ? ',' : ( pkList.length>0 ? ',' :'' ) }}\n{{~}}\n{{? pkList.length >0 }}\n    PRIMARY KEY ({{~pkList:pkName:i}}{{= pkName }}{{= i<pkList.length-1 ? ',' : '' }}{{~}})\n{{?}}\n);{{=it.separator}}\n$blankline\nCOMMENT ON TABLE {{=it.entity.title}} IS '{{=it.func.join(it.entity.chnname,it.entity.remark,';') }}';{{=it.separator}}\n{{~it.entity.fields:field:index}}\nCOMMENT ON COLUMN {{=it.entity.title}}.{{=field.name}} IS '{{=it.func.join(field.chnname,field.remark,';')}}';{{=it.separator}}\n{{~}}",
        "createTableTemplate": "CREATE TABLE {{=it.entity.title}}(\n{{ pkList = [] ; }}\n{{~it.entity.fields:field:index}}\n    {{? field.pk }}{{ pkList.push(field.name) }}{{?}}\n    {{=field.name}} {{=field.type}}{{? field.defaultValue}} DEFAULT {{=field.defaultValue}}{{?}}{{= field.notNull ? ' NOT NULL' : '' }}{{= index < it.entity.fields.length-1 ? ',' : ( pkList.length>0 ? ',' :'' ) }}\n{{~}}\n{{? pkList.length >0 }}\n    PRIMARY KEY ({{~pkList:pkName:i}}{{= pkName }}{{= i<pkList.length-1 ? ',' : '' }}{{~}})\n{{?}}\n);{{=it.separator}}\n$blankline\n{{? it.entity.chnname || it.entity.remark}}COMMENT ON TABLE {{=it.entity.title}} IS {{? it.entity.remark}}'{{=it.entity.remark}}'{{??}}'{{=it.entity.chnname}}'{{?}};{{=it.separator}}{{?}}\n{{~it.entity.fields:field:index}}\n{{? field.chnname || field.remark}}COMMENT ON COLUMN {{=it.entity.title}}.{{=field.name}} IS {{? field.remark}}'{{=field.remark}}'{{??}}'{{=field.chnname}}'{{?}};{{=it.separator}}{{?}}\n{{~}}",
        "deleteTableTemplate": "DROP TABLE {{=it.entity.title}};{{=it.separator}}/*SkipError*/\r\n$blankline",
        "rebuildTableTemplate": "CREATE TABLE PDMAN_UP_{{=it.oldEntity.title}}\nAS SELECT * FROM {{=it.oldEntity.title}};{{=it.separator}}\n$blankline\nDROP TABLE {{=it.oldEntity.title}};{{=it.separator}}\n$blankline\nCREATE TABLE {{=it.newEntity.title}}(\n{{ pkList = [] ; }}{{~it.newEntity.fields:field:index}}{{? field.pk }}{{ pkList.push(field.name) }}{{?}}    {{=field.name}} {{=field.type}}{{? field.defaultValue}} DEFAULT {{=field.defaultValue}}{{?}}{{= field.notNull ? ' NOT NULL' : '' }}{{= index < it.newEntity.fields.length-1 ? ',' : ( pkList.length>0 ? ',' :'' ) }}\n{{~}}{{? pkList.length >0 }}    PRIMARY KEY ({{~pkList:pkName:i}}{{= pkName }}{{= i<pkList.length-1 ? ',' : '' }}{{~}}){{?}}\n);{{=it.separator}}\n$blankline\n{{? it.newEntity.chnname || it.newEntity.remark}}COMMENT ON TABLE {{=it.newEntity.title}} IS {{? it.newEntity.remark}}'{{=it.entity.remark}}'{{??}}'{{=it.newEntity.chnname}}'{{?}};{{?}}{{=it.separator}}\n{{~it.newEntity.fields:field:index}}\n{{? field.chnname || field.remark}}COMMENT ON COLUMN {{=it.newEntity.title}}.{{=field.name}} IS {{? field.remark}}'{{=field.remark}}'{{??}}'{{=field.chnname}}'{{?}};{{?}}{{=it.separator}}\n{{~}}\n{{ sameCols = it.func.intersect(it.newEntity.fields,it.oldEntity.fields) ;}}\n$blankline\nINSERT INTO {{=it.newEntity.title}}(\n{{~sameCols:field:index}}   {{=field.name}}{{? index<sameCols.length-1}},{{?}}\n{{~}}) \nSELECT\n{{~sameCols:field:index}}   {{=field.name}}{{? index<sameCols.length-1}},{{?}}\n{{~}}FROM PDMAN_UP_{{=it.oldEntity.title}};{{=it.separator}}\n\nDROP TABLE PDMAN_UP_{{=it.oldEntity.title}};{{=it.separator}}\n{{~it.newEntity.indexs:index}}\nCREATE{{? index.isUnique}} UNIQUE{{?}} INDEX {{=index.name}} ON {{=it.newEntity.title}}({{=it.func.join(index.fields,',')}});{{=it.separator}}\n{{~}}",
        "createFieldTemplate": "ALTER TABLE {{=it.entity.title}} ADD({{=it.field.name}} {{=it.field.type}}{{? it.field.defaultValue}} DEFAULT {{=it.field.defaultValue}}{{?}}{{? it.field.notNull}} NOT NULL{{?}});{{=it.separator}}\r\n{{? it.field.chnname || it.field.remark}}COMMENT ON COLUMN {{=it.entity.title}}.{{=it.field.name}} IS {{? it.field.remark}}'{{=it.field.remark}}'{{??}}'{{=it.field.chnname}}'{{?}};{{=it.separator}}{{?}}\r\n$blankline",
        "updateFieldTemplate": "ALTER TABLE {{=it.entity.title}} MODIFY({{=it.field.name}} {{=it.field.type}}{{? it.field.defaultValue}} DEFAULT {{=it.field.defaultValue}}{{?}}{{? it.field.notNull}} NOT NULL{{?}});{{=it.separator}}\r\n{{? it.field.chnname || it.field.remark}}COMMENT ON COLUMN {{=it.entity.title}}.{{=it.field.name}} IS {{? it.field.remark}}'{{=it.field.remark}}'{{??}}'{{=it.field.chnname}}'{{?}};{{=it.separator}}{{=it.separator}}{{?}}\r\n$blankline",
        "deleteFieldTemplate": "ALTER TABLE {{=it.entity.title}} DROP({{=it.field.name}});{{=it.separator}}\r\n$blankline",
        "deleteIndexTemplate": "DROP INDEX {{=it.entity.title}}.{{=it.index.name}};{{=it.separator}}\r\n$blankline",
        "createIndexTemplate": "CREATE{{? it.index.isUnique}} UNIQUE{{?}} INDEX {{=it.index.name}} ON {{=it.entity.title}}({{=it.func.join(it.index.fields,',')}});{{=it.separator}}\r\n$blankline",
        "updateTableComment": "{{? it.entity.chnname || it.entity.remark}}COMMENT ON TABLE {{=it.entity.title}} IS {{? it.entity.remark}}'{{=it.entity.remark}}'{{??}}'{{=it.entity.chnname}}'{{?}};{{=it.separator}}{{?}}\r\n$blankline"
      },
      {
        "code": "SQLServer",
        "createTableTemplate": "CREATE TABLE {{=it.entity.title}}(\n{{ pkList = [] ; }}\n{{~it.entity.fields:field:index}}\n    {{? field.pk }}{{ pkList.push(field.name) }}{{?}}\n    {{=field.name}} {{=field.type}} {{= field.notNull ? 'NOT NULL' : '' }} {{= field.autoIncrement ? 'IDENTITY(1,1)' : '' }} {{= field.defaultValue ? it.func.join('DEFAULT',field.defaultValue,' ') : '' }}  {{= index < it.entity.fields.length-1 ? ',' : ( pkList.length>0 ? ',' :'' ) }}\n{{~}}\n{{? pkList.length >0 }}\n    CONSTRAINT PK_{{=it.entity.title}} PRIMARY KEY CLUSTERED ({{~pkList:pkName:i}}{{= pkName }} ASC {{= i<pkList.length-1 ? ',' : '' }}{{~}}) ON [PRIMARY] \n{{?}}\n) ;{{=it.separator}}\n\n$blankline\nEXECUTE sp_addextendedproperty N'MS_Description', '{{= it.entity.chnname || it.entity.remark}}', N'user', N'dbo', N'table', N'{{=it.entity.title}}', NULL, NULL;{{=it.separator}}\n{{~it.entity.fields:field:index}}\n{{? field.chnname || field.remark}}EXECUTE sp_addextendedproperty N'MS_Description', {{? field.remark}}'{{=field.remark}}'{{??}}'{{=field.chnname}}'{{?}}, N'user', N'dbo', N'table', N'{{=it.entity.title}}', N'column', N'{{=field.name}}';{{=it.separator}}{{?}}\n{{~}}\n",
        "deleteTableTemplate": "",
        "rebuildTableTemplate": "",
        "createFieldTemplate": "",
        "updateFieldTemplate": "",
        "deleteFieldTemplate": "",
        "deleteIndexTemplate": "",
        "createIndexTemplate": "",
        "updateTableComment": ""
      },
      {
        "code": "PostgreSQL",
        "template": "DROP TABLE {{=it.entity.title}};\n$blankline\nCREATE TABLE {{=it.entity.title}}(\n{{ pkList = [] ; }}\n{{~it.entity.fields:field:index}}\n    {{? field.pk }}{{ pkList.push(field.name) }}{{?}}\n    {{=field.name}} {{=field.type}} {{= field.pk ? 'NOT NULL' : '' }} COMMENT '{{=it.func.join(field.chnname,field.remark,';')}}' {{= index < it.entity.fields.length-1 ? ',' : ( pkList.length>0 ? ',' :'' ) }}\n{{~}}\n{{? pkList.length >0 }}\n    PRIMARY KEY ({{~pkList:pkName:i}}{{= pkName }}{{= i<pkList.length-1 ? ',' : '' }}{{~}})\n{{?}}\n) COMMENT = '{{=it.func.join(it.entity.chnname,it.entity.remark,';') }}'",
        "createTableTemplate": "CREATE TABLE {{=it.entity.title}}(\n{{ pkList = [] ; }}\n{{~it.entity.fields:field:index}}\n    {{? field.pk }}{{ pkList.push(field.name) }}{{?}}\n    {{=field.name}} {{=field.type}}{{? field.defaultValue}} DEFAULT {{=field.defaultValue}}{{?}}{{= field.notNull ? ' NOT NULL' : '' }}{{= index < it.entity.fields.length-1 ? ',' : ( pkList.length>0 ? ',' :'' ) }}\n{{~}}\n{{? pkList.length >0 }}\n    PRIMARY KEY ({{~pkList:pkName:i}}{{= pkName }}{{= i<pkList.length-1 ? ',' : '' }}{{~}})\n{{?}}\n);{{=it.separator}}\n$blankline\n{{? it.entity.chnname || it.entity.remark}}COMMENT ON TABLE {{=it.entity.title}} IS {{? it.entity.remark}}'{{=it.entity.remark}}'{{??}}'{{=it.entity.chnname}}'{{?}};{{=it.separator}}{{?}}\n{{~it.entity.fields:field:index}}\n{{? field.chnname || field.remark}}COMMENT ON COLUMN {{=it.entity.title}}.{{=field.name}} IS {{? field.remark}}'{{=field.remark}}'{{??}}'{{=field.chnname}}'{{?}};{{=it.separator}}{{?}}\n{{~}}",
        "deleteTableTemplate": "DROP TABLE {{=it.entity.title}};{{=it.separator}}/*SkipError*/",
        "rebuildTableTemplate": "create table PDMAN_UP_{{=it.oldEntity.title}}\nas select * from {{=it.oldEntity.title}};{{=it.separator}}\n$blankline\n\ndrop table {{=it.oldEntity.title}};{{=it.separator}}\n$blankline\n\nCREATE TABLE {{=it.newEntity.title}}(\n{{ pkList = [] ; }}\n{{~it.newEntity.fields:field:index}}\n    {{? field.pk }}{{ pkList.push(field.name) }}{{?}}\n    {{=field.name}} {{=field.type}} {{= field.notNull ? 'NOT NULL' : '' }} COMMENT '{{=it.func.join(field.chnname,field.remark,';')}}' {{= index < it.newEntity.fields.length-1 ? ',' : ( pkList.length>0 ? ',' :'' ) }}\n{{~}}\n{{? pkList.length >0 }}\n    PRIMARY KEY ({{~pkList:pkName:i}}{{= pkName }}{{= i<pkList.length-1 ? ',' : '' }}{{~}})\n{{?}}\n) COMMENT = '{{=it.func.join(it.newEntity.chnname,it.newEntity.remark,';') }}';{{=it.separator}}\n$blankline\n\n{{ sameCols = it.func.intersect(it.newEntity.fields,it.oldEntity.fields) ;}}\ninsert into {{=it.newEntity.title}}(\n{{~sameCols:field:index}}\n    {{=field.name}}{{? index<sameCols.length-1}},{{?}}\n{{~}}\n) \nselect \n{{~sameCols:field:index}}\n    {{=field.name}}{{? index<sameCols.length-1}},{{?}}\n{{~}}\nfrom PDMAN_UP_{{=it.oldEntity.title}};{{=it.separator}}\n$blankline\n\ndrop table PDMAN_UP_{{=it.oldEntity.title}};{{=it.separator}}",
        "createFieldTemplate": "ALTER TABLE {{=it.entity.title}} ADD COLUMN {{=it.field.name}} {{=it.field.type}} {{? it.field.notNull}}NOT NULL{{?}} {{? it.field.defaultValue}}DEFAULT {{? null==it.field.defaultValue}}NULL{{??}}'{{=it.field.defaultValue}}'{{?}}{{?}} {{? it.field.autoIncrement}}AUTO_INCREMENT{{?}} {{? it.field.pk}}PRIMARY KEY{{?}} {{? it.field.chnname}}COMMENT '{{=it.field.chnname}}'{{?}} {{? it.field.addAfter}}AFTER {{=it.field.addAfter}}{{?}};{{=it.separator}}",
        "updateFieldTemplate": "ALTER TABLE {{=it.entity.title}} MODIFY COLUMN {{=it.field.name}} {{=it.field.type}} {{? it.field.notNull}}NOT NULL{{?}} {{? it.field.defaultValue}}DEFAULT {{? null==it.field.defaultValue}}NULL{{??}}'{{=it.field.defaultValue}}'{{?}}{{?}} {{? it.field.autoIncrement}}AUTO_INCREMENT{{?}} {{? it.field.chnname}}COMMENT '{{=it.field.chnname}}'{{?}};{{=it.separator}}",
        "deleteFieldTemplate": "ALTER TABLE {{=it.entity.title}} DROP {{=it.field.name}};{{=it.separator}}",
        "deleteIndexTemplate": "ALTER TABLE {{=it.entity.title}} DROP INDEX {{=it.index.name}};{{=it.separator}}",
        "createIndexTemplate": "ALTER TABLE {{=it.entity.title}} ADD {{? it.index.isUnique}}UNIQUE{{??}}INDEX{{?}} {{=it.index.name}}({{=it.func.join(...it.index.fields,',')}});{{=it.separator}}",
        "updateTableComment": "ALTER TABLE {{=it.entity.title}} COMMENT '{{=it.entity.chnname}}';{{=it.separator}}"
      },
      {
        "code": "JAVA",
        "template": "package group.rober.pdman.{{=it.module.name}}.entity;\n$blankline\nimport javax.persistence.*;\nimport java.io.Serializable;\nimport java.util.Date;\n$blankline\n$blankline\n\n/** {{=it.entity.chnname}} */\n@Table(name=\"{{=it.entity.title}}\")\npublic class {{=it.func.camel(it.entity.title,true) }} implements Serializable,Cloneable{\n{{~it.entity.fields:field:index}}\n    /** {{=it.func.join(field.chnname,field.remark,';')}} */\n    {{? field.pk }}\n    @Id\n    @GeneratedValue\n    {{?}}\n    private {{=field.type}} {{=it.func.camel(field.name,false)}} ;\n{{~}}\n$blankline\n{{~it.entity.fields:field:index}}\n    /** {{=it.func.join(field.chnname,field.remark,';')}} */\n    public {{=field.type}} get{{=it.func.camel(field.name,true)}}(){\n        return this.{{=it.func.camel(field.name,false)}};\n    }\n    /** {{=it.func.join(field.chnname,field.remark,';')}} */\n    public void set{{=it.func.camel(field.name,true)}}({{=field.type}} {{= it.func.camel(field.name,false) }}){\n        this.{{=it.func.camel(field.name,false)}} = {{= it.func.camel(field.name,false) }};\n    }\n{{~}}\n}",
        "createTableTemplate": "package group.rober.pdman.{{=it.module.name}}.entity;\n$blankline\nimport javax.persistence.*;\nimport java.io.Serializable;\nimport java.util.Date;\n$blankline\n$blankline\n@Table(name=\"{{=it.entity.title}}\")\npublic class {{=it.func.camel(it.entity.title,true) }} implements Serializable,Cloneable{\n{{~it.entity.fields:field:index}}\n    /** {{=it.func.join(field.chnname,field.remark,';')}} */\n    {{? field.pk }}\n    @Id\n    @GeneratedValue\n    {{?}}\n    private {{=field.type}} {{=it.func.camel(field.name,false)}} ;\n{{~}}\n$blankline\n{{~it.entity.fields:field:index}}\n    /** {{=it.func.join(field.chnname,field.remark,';')}} */\n    public {{=field.type}} get{{=it.func.camel(field.name,true)}}(){\n        return this.{{=it.func.camel(field.name,false)}};\n    }\n    /** {{=it.func.join(field.chnname,field.remark,';')}} */\n    public void set{{=it.func.camel(field.name,true)}}({{=field.type}} {{= it.func.camel(field.name,false) }}){\n        this.{{=it.func.camel(field.name,false)}} = {{= it.func.camel(field.name,false) }};\n    }\n{{~}}\n}",
        "deleteTableTemplate": "",
        "rebuildTableTemplate": "",
        "createFieldTemplate": "",
        "updateFieldTemplate": "",
        "deleteFieldTemplate": "",
        "deleteIndexTemplate": "",
        "createIndexTemplate": "",
        "updateTableComment": ""
      }
    ]
  }
}